name,category,origin,environmental_score,calories,protein,carbs,fat
Huile d'olive extra vierge,Other,Tunisie,A,884,0,0,100
Fromage Comté AOP,Dairy,France,B,413,27,0.1,34
Saumon fumé,Seafood,Norvège,D,208,23,0,13
Riz basmati bio,Grain,Inde,C,350,7,77,1
Avocat Hass,Fruit,Mexique,E,160,2,8.5,14.7
Poulet fermier Label Rouge,Protein,France,A,150,25,0,5
Quinoa Royal,Grain,Pérou,B,368,14,64,6
Mangue Kent,Fruit,Brésil,D,60,0.8,15,0.4
Yaourt grec nature,Dairy,Grèce,B,97,9,3.6,5
Chocolat noir 85%,Other,Côte d'Ivoire,C,580,10,20,50
Lentilles corail bio,Protein,Turquie,A,340,25,55,1.5
Tomates San Marzano,Vegetable,Italie,B,18,0.9,3.9,0.1
Beurre de cacahuète,Protein,États-Unis,C,598,22,22,51
Thé vert matcha,Other,Japon,A,0,0,0,0
Sardines à l'huile,Seafood,Portugal,A,208,25,0,11
